Product Name,Price
"SunScoop Hydrating Face & Body Fluid Sunscreen Spray, SPF 60...",₹409
"Cetaphil Sun SPF 50 Light Gel mineral basefor Normal, Dry & ...",₹1016
The Derma Co 1% Hyaluronic Sunscreen Aqua Gel With Spf 50 Pa...,₹438
La Shield Sunscreen Gel SPF 40 PA+++,₹648
Murad City Skin Age Defense Broad Spectrum SPF 50 I PA ++++,₹6500
Lakme Sun Expert SPF 50 Pa++++ 1% Niacinamide + Vitamin C Ge...,₹399
Quench Vitamin E SPF 50+ PA++++ Sunscreen With Avocado For G...,₹584
"Hyphen All I Need Sunscreen SPF 50 PA ++++ with Ceramide, Li...",₹404
"Nykaa SKINRX Ultra Matte Dry Touch Sunscreen SPF 50 PA +++, ...",₹585
"Jovees Herbal Sun Guard Lotion SPF 60 Broad Spectrum, 3 in 1...",₹349
Aqualogica Glow + Dewy Sunscreen With Papaya & Vitamin C,₹381
The Derma Co. 1% Hyaluronic Sunscreen Aqua Gel SPF 50,₹438
Dot & Key Vitamin C + E Face Sunscreen SPF 50 PA+++ For Glow...,₹382
Dr. Sheth's Ceramide & Vitamin C Sunscreen,₹423
Dot & Key Watermelon & Hyaluronic Face Sunscreen SPF 50 PA++...,₹382
Neutrogena UltraSheer Dry Touch Sunblock SPF 50+,₹299
Minimalist SPF 50 PA ++++ Sunscreen With Multi-Vitamin For R...,₹379
Aqualogica Radiance+ Dewy Sunscreen with Watermelon & Niacin...,₹381
Plum 2% Niacinamide Sunscreen SPF 50 PA+++ UVA/B - Reduces T...,₹339
Deconstruct Lightweight Gel Sunscreen For Oily Skin - SPF 55...,₹332
